Name,Description,geometry
,,"MULTIPOLYGON (((-73.919029 40.848199, -73.919329 40.847953, -73.919371 40.847982, -73.919453 40.847915, -73.919534 40.847972, -73.919152 40.848285, -73.919029 40.848199)))"
,,"MULTIPOLYGON (((-73.921952 40.849629, -73.921911 40.849679, -73.921764 40.84961, -73.921805 40.84956, -73.921952 40.849629)))"
,,"MULTIPOLYGON (((-73.920502 40.850113, -73.920453 40.850167, -73.920262 40.850069, -73.92031 40.850015, -73.920502 40.850113)))"
,,"MULTIPOLYGON (((-73.92056 40.851403, -73.920531 40.851445, -73.92037 40.851381, -73.920398 40.85134, -73.92056 40.851403)))"
,,"MULTIPOLYGON (((-73.912343 40.852184, -73.912472 40.852098, -73.912589 40.852199, -73.91246 40.852285, -73.912343 40.852184)))"
